{"cameraMode":{"drawMode":0,"name":"Shaded","section":"Shading Mode"},"sceneLighting":false,"audioPlay":false,"sceneViewState":{"showFog":true,"showMaterialUpdate":false,"showSkybox":false,"showFlares":true,"showImageEffects":true,"showParticleSystems":true},"in2DMode":false,"pivot":{"x":-1.251108169555664,"y":0.2655296325683594,"z":2.7414231300354006},"rotation":{"x":0.011716756969690323,"y":0.9853609800338745,"z":-0.15226006507873536,"w":0.07582595199346543},"size":34.32135772705078,"orthographic":false}