{"cameraMode":{"drawMode":0,"name":"Shaded","section":"Shading Mode"},"sceneLighting":false,"audioPlay":false,"sceneViewState":{"showFog":true,"showMaterialUpdate":false,"showSkybox":false,"showFlares":true,"showImageEffects":true,"showParticleSystems":true},"in2DMode":false,"pivot":{"x":15.81812572479248,"y":-3.8387982845306398,"z":13.760309219360352},"rotation":{"x":0.07529838383197785,"y":0.8461580276489258,"z":-0.12425975501537323,"w":0.5127503871917725},"size":27.335697174072267,"orthographic":false}