{"cameraMode":{"drawMode":0,"name":"Shaded","section":"Shading Mode"},"sceneLighting":false,"audioPlay":false,"sceneViewState":{"showFog":true,"showMaterialUpdate":false,"showSkybox":true,"showFlares":true,"showImageEffects":true,"showParticleSystems":true},"in2DMode":false,"pivot":{"x":-9.495275497436524,"y":14.327062606811524,"z":-1.5283595323562623},"rotation":{"x":0.07384173572063446,"y":0.918006181716919,"z":-0.20432008802890778,"w":0.33176863193511965},"size":10.841001510620118,"orthographic":true}